{
  "episodes": [
    1,
    2,
    3,
    4,
    5,
    6,
    7,
    8,
    9,
    10,
    11,
    12,
    13,
    14,
    15,
    16,
    17,
    18,
    19,
    20,
    21,
    22,
    23,
    24,
    25,
    26,
    27,
    28,
    29,
    30,
    31,
    32,
    33,
    34,
    35,
    36,
    37,
    38,
    39,
    40,
    41,
    42,
    43,
    44,
    45,
    46,
    47,
    48,
    49,
    50,
    51,
    52,
    53,
    54,
    55,
    56,
    57,
    58,
    59,
    60,
    61,
    62,
    63,
    64,
    65,
    66,
    67,
    68,
    69,
    70,
    71,
    72,
    73,
    74,
    75,
    76,
    77,
    78,
    79,
    80,
    81,
    82,
    83,
    84,
    85,
    86,
    87,
    88,
    89,
    90,
    91,
    92,
    93,
    94,
    95,
    96,
    97,
    98,
    99,
    100
  ],
  "rewards": [
    -0.42486439681052685,
    -0.14199695946150415,
    -0.1130596248714387,
    -0.12653041082119412,
    -0.11075955238821648,
    -0.12935143816240635,
    -0.10509738837059521,
    -0.11412757167119725,
    -0.11823059685306217,
    -0.1394580470977159,
    -0.10453739663826159,
    -0.16520792855249744,
    -0.1357065724415061,
    -0.10562290124478628,
    -0.1276305220008928,
    -0.13618763252888144,
    -0.101749976499865,
    -0.13777475471579392,
    -0.15087260658932578,
    -0.13153766009799092,
    -0.1356630341244774,
    -0.14327762478425193,
    -0.10857465281951112,
    -0.1339156526311647,
    -0.10327367453162653,
    -0.13391824587889534,
    -0.10433778463074754,
    -0.12009403873777583,
    -0.11381069925299399,
    -0.13655377246707995,
    -0.10438020926588942,
    -0.13984639513877792,
    -0.13905688273645875,
    -0.11169226066622512,
    -0.11693955078581603,
    -0.13865925980095983,
    -0.1331775619522259,
    -0.13674827036727605,
    -0.10200497974323922,
    -0.12210938353763168,
    -0.11625002391407924,
    -0.10705739946561223,
    -0.12357979871176425,
    -0.11960404769947028,
    -0.13844555654604868,
    -0.12159233574347766,
    -0.12391174665640975,
    -0.11319753973428308,
    -0.1318181409368575,
    -0.12184621685705467,
    -0.12522688188269243,
    -0.1338620968582692,
    -0.12576529571321649,
    -0.14001817575724257,
    -0.12547944827242108,
    -0.11340608145095288,
    -0.12633430790982003,
    -0.13571817648255538,
    -0.12040158283470723,
    -0.12385548916183077,
    -0.12809416539818777,
    -0.11273804162308827,
    -0.12650904588121573,
    -0.12606085422408386,
    -0.1381462993316113,
    -0.13396668693785074,
    -0.11672918446144466,
    -0.10624483215682626,
    -0.1385485520980545,
    -0.12276642429604842,
    -0.10248760691158132,
    -0.13877083319150912,
    -0.11117999642921214,
    -0.13655335005230823,
    -0.0946319857362535,
    -0.1395060580651491,
    -0.1284223656396371,
    -0.10740839977413727,
    -0.1315098580792688,
    -0.11395166033433063,
    -0.0967904552194753,
    -0.11644660126951328,
    -0.13025523293634347,
    -0.09334377512839086,
    -0.1067382742600407,
    -0.11772524571197393,
    -0.13535469279894466,
    -0.10235797078662173,
    -0.12969219595800086,
    -0.1011721283624157,
    -0.1015148306551439,
    -0.11293875628594745,
    -0.0994437417062824,
    -0.11127325858001708,
    -0.12081453452886462,
    -0.1287155885975768,
    -0.10176975175618798,
    -0.1395592958914536,
    -0.12974867211104132,
    -0.11030188545431832
  ],
  "lap_times": [
    null,
    null,
    null,
    null,
    null,
    null,
    null,
    null,
    null,
    null,
    null,
    null,
    null,
    null,
    null,
    null,
    null,
    null,
    null,
    null,
    null,
    null,
    null,
    null,
    null,
    null,
    null,
    null,
    null,
    null,
    null,
    null,
    null,
    null,
    null,
    null,
    null,
    null,
    null,
    null,
    null,
    null,
    null,
    null,
    null,
    null,
    null,
    null,
    null,
    null,
    null,
    null,
    null,
    null,
    null,
    null,
    null,
    null,
    null,
    null,
    null,
    null,
    null,
    null,
    null,
    null,
    null,
    null,
    null,
    null,
    null,
    null,
    null,
    null,
    null,
    null,
    null,
    null,
    null,
    null,
    null,
    null,
    null,
    null,
    null,
    null,
    null,
    null,
    null,
    null,
    null,
    null,
    null,
    null,
    null,
    null,
    null,
    null,
    null,
    null
  ],
  "avg_speeds": [],
  "collisions": [
    0,
    0,
    0,
    0,
    0,
    0,
    0,
    0,
    0,
    0,
    0,
    0,
    0,
    0,
    0,
    0,
    0,
    0,
    0,
    0,
    0,
    0,
    0,
    0,
    0,
    0,
    0,
    0,
    0,
    0,
    0,
    0,
    0,
    0,
    0,
    0,
    0,
    0,
    0,
    0,
    0,
    0,
    0,
    0,
    0,
    0,
    0,
    0,
    0,
    0,
    0,
    0,
    0,
    0,
    0,
    0,
    0,
    0,
    0,
    0,
    0,
    0,
    0,
    0,
    0,
    0,
    0,
    0,
    0,
    0,
    0,
    0,
    0,
    0,
    0,
    0,
    0,
    0,
    0,
    0,
    0,
    0,
    0,
    0,
    0,
    0,
    0,
    0,
    0,
    0,
    0,
    0,
    0,
    0,
    0,
    0,
    0,
    0,
    0,
    0
  ]
}