{
  "episodes": [
    1,
    2,
    3,
    4,
    5,
    6,
    7,
    8,
    9,
    10,
    11,
    12,
    13,
    14,
    15,
    16,
    17,
    18,
    19,
    20,
    21,
    22,
    23,
    24,
    25,
    26,
    27,
    28,
    29,
    30,
    31,
    32,
    33,
    34,
    35,
    36,
    37,
    38,
    39,
    40,
    41,
    42,
    43,
    44,
    45,
    46,
    47,
    48,
    49,
    50,
    51,
    52,
    53,
    54,
    55,
    56,
    57,
    58,
    59,
    60,
    61,
    62,
    63,
    64,
    65,
    66,
    67,
    68,
    69,
    70,
    71,
    72,
    73,
    74,
    75,
    76,
    77,
    78,
    79,
    80,
    81,
    82,
    83,
    84,
    85,
    86,
    87,
    88,
    89,
    90,
    91,
    92,
    93,
    94,
    95,
    96,
    97,
    98,
    99,
    100
  ],
  "rewards": [
    -0.4497025911815282,
    -0.25709203907817735,
    -0.2585968983461298,
    -0.2638510043613762,
    -0.254899526059183,
    -0.24040595812246837,
    -0.24932760831643655,
    -0.2534353642157946,
    -0.2636265710587837,
    -0.22534115487238493,
    -0.2462153060125514,
    -0.26788853037222043,
    -0.25562734427991496,
    -0.2498164639760246,
    -0.23574631761378279,
    -0.2424811217480532,
    -0.23127313717167308,
    -0.2527598050520493,
    -0.23217798267269438,
    -0.2583847911349823,
    -0.2407209213810877,
    -0.26773150953516206,
    -0.22096981145402783,
    -0.2544652445377975,
    -0.293367002486453,
    -0.2856095272294607,
    -0.23689840339106907,
    -0.2487644973086765,
    -0.2482371900370428,
    -0.27453389310683896,
    -0.2641076461662958,
    -0.2506341125956127,
    -0.2649362518777789,
    -0.2673927221591837,
    -0.2318293793528315,
    -304.8012482963694,
    -0.23993575471486003,
    -0.22754925873393023,
    -0.2268071103376776,
    -0.2674163741466633,
    -0.24845552426494374,
    -0.25957282975229506,
    -0.23004299470563708,
    -0.27396720389966256,
    -0.26814483636558173,
    -0.2756569431116896,
    -0.2608877505721666,
    -0.2430669581431211,
    -0.263751984215255,
    -0.24115690185113406,
    -0.29176970530932206,
    -0.2539227229351453,
    -0.22516911154893313,
    -0.23593653064816786,
    -0.24706579157583697,
    -0.25148501068273205,
    -0.2595184997315032,
    -0.2659797875575138,
    -0.2586399321105397,
    -0.2534736363886037,
    -0.24937804336795796,
    -0.26488676565796054,
    -0.25372020435240283,
    -0.2667344160669555,
    -0.2476133210948988,
    -0.23238654715470727,
    -0.22289875948332144,
    -0.23631032678325692,
    -0.2469086114460658,
    -0.25141712652031456,
    -0.24268228880179837,
    -0.25027087350094657,
    -0.2512507755148281,
    -0.2411316210915548,
    -0.2736187140046296,
    -0.23045982730350317,
    -0.2530924411107527,
    -0.2790259038801213,
    -0.2676086540662064,
    -0.28192344248137835,
    -0.25138903410710556,
    -0.23764136140757464,
    -0.2545389480878106,
    -0.2419830371126157,
    -0.29601772183137687,
    -0.25683242879080764,
    -0.24801484681645877,
    -0.2748754136257264,
    -0.29159697212173036,
    -0.2278072580394064,
    -0.23046048095798746,
    -0.2632537110145098,
    -0.2604374237349911,
    -0.25814173793748907,
    -0.2328373209453942,
    -0.23457198520246283,
    -0.2534838633828478,
    -0.23227689073644295,
    -0.25353401800911013,
    -0.23814658236462655
  ],
  "lap_times": [
    null,
    null,
    null,
    null,
    null,
    null,
    null,
    null,
    null,
    null,
    null,
    null,
    null,
    null,
    null,
    null,
    null,
    null,
    null,
    null,
    null,
    null,
    null,
    null,
    null,
    null,
    null,
    null,
    null,
    null,
    null,
    null,
    null,
    null,
    null,
    null,
    null,
    null,
    null,
    null,
    null,
    null,
    null,
    null,
    null,
    null,
    null,
    null,
    null,
    null,
    null,
    null,
    null,
    null,
    null,
    null,
    null,
    null,
    null,
    null,
    null,
    null,
    null,
    null,
    null,
    null,
    null,
    null,
    null,
    null,
    null,
    null,
    null,
    null,
    null,
    null,
    null,
    null,
    null,
    null,
    null,
    null,
    null,
    null,
    null,
    null,
    null,
    null,
    null,
    null,
    null,
    null,
    null,
    null,
    null,
    null,
    null,
    null,
    null,
    null
  ],
  "avg_speeds": [],
  "collisions": [
    0,
    0,
    0,
    0,
    0,
    0,
    0,
    0,
    0,
    0,
    0,
    0,
    0,
    0,
    0,
    0,
    0,
    0,
    0,
    0,
    0,
    0,
    0,
    0,
    0,
    0,
    0,
    0,
    0,
    0,
    0,
    0,
    0,
    0,
    0,
    0,
    0,
    0,
    0,
    0,
    0,
    0,
    0,
    0,
    0,
    0,
    0,
    0,
    0,
    0,
    0,
    0,
    0,
    0,
    0,
    0,
    0,
    0,
    0,
    0,
    0,
    0,
    0,
    0,
    0,
    0,
    0,
    0,
    0,
    0,
    0,
    0,
    0,
    0,
    0,
    0,
    0,
    0,
    0,
    0,
    0,
    0,
    0,
    0,
    0,
    0,
    0,
    0,
    0,
    0,
    0,
    0,
    0,
    0,
    0,
    0,
    0,
    0,
    0,
    0
  ]
}