{
  "gear_ratio": {
    "results": [
      {
        "gear": 1.5,
        "avg": 82.37187622743659,
        "std": 9.461657447422576
      },
      {
        "gear": 2.5,
        "avg": 62.480770161805246,
        "std": 16.371412222689482
      },
      {
        "gear": 4.0,
        "avg": 57.3312508543022,
        "std": 20.906508157474814
      },
      {
        "gear": 6.0,
        "avg": 56.27109458850464,
        "std": 21.849252681008032
      }
    ],
    "best": {
      "gear": 6.0,
      "avg": 56.27109458850464,
      "std": 21.849252681008032
    },
    "worst": {
      "gear": 1.5,
      "avg": 82.37187622743659,
      "std": 9.461657447422576
    },
    "improvement_seconds": 26.10078163893195,
    "improvement_percent": 31.686520732956485
  }
}